[
  {
    "code": "AFG",
    "name": "Afghanistan"
  },
  {
    "code": "ALA",
    "name": "Åland"
  },
  {
    "code": "ALB",
    "name": "Albania"
  },
  {
    "code": "DZA",
    "name": "Algeria"
  },
  {
    "code": "ASM",
    "name": "American Samoa"
  },
  {
    "code": "AND",
    "name": "Andorra"
  },
  {
    "code": "AGO",
    "name": "Angola"
  },
  {
    "code": "AIA",
    "name": "Anguilla"
  },
  {
    "code": "ATG",
    "name": "Antigua and Barb."
  },
  {
    "code": "ARG",
    "name": "Argentina"
  },
  {
    "code": "ARM",
    "name": "Armenia"
  },
  {
    "code": "ABW",
    "name": "Aruba"
  },
  {
    "code": "ATC",
    "name": "Ashmore and Cartier Is."
  },
  {
    "code": "AUS",
    "name": "Australia"
  },
  {
    "code": "AUT",
    "name": "Austria"
  },
  {
    "code": "AZE",
    "name": "Azerbaijan"
  },
  {
    "code": "BHS",
    "name": "Bahamas"
  },
  {
    "code": "BHR",
    "name": "Bahrain"
  },
  {
    "code": "BGD",
    "name": "Bangladesh"
  },
  {
    "code": "BRB",
    "name": "Barbados"
  },
  {
    "code": "BLR",
    "name": "Belarus"
  },
  {
    "code": "BEL",
    "name": "Belgium"
  },
  {
    "code": "BLZ",
    "name": "Belize"
  },
  {
    "code": "BEN",
    "name": "Benin"
  },
  {
    "code": "BMU",
    "name": "Bermuda"
  },
  {
    "code": "BTN",
    "name": "Bhutan"
  },
  {
    "code": "BOL",
    "name": "Bolivia"
  },
  {
    "code": "BIH",
    "name": "Bosnia and Herz."
  },
  {
    "code": "BWA",
    "name": "Botswana"
  },
  {
    "code": "IOT",
    "name": "Br. Indian Ocean Ter."
  },
  {
    "code": "BRA",
    "name": "Brazil"
  },
  {
    "code": "VGB",
    "name": "British Virgin Is."
  },
  {
    "code": "BRN",
    "name": "Brunei"
  },
  {
    "code": "BGR",
    "name": "Bulgaria"
  },
  {
    "code": "BFA",
    "name": "Burkina Faso"
  },
  {
    "code": "BDI",
    "name": "Burundi"
  },
  {
    "code": "CPV",
    "name": "Cabo Verde"
  },
  {
    "code": "KHM",
    "name": "Cambodia"
  },
  {
    "code": "CMR",
    "name": "Cameroon"
  },
  {
    "code": "CAN",
    "name": "Canada"
  },
  {
    "code": "CYM",
    "name": "Cayman Is."
  },
  {
    "code": "CAF",
    "name": "Central African Rep."
  },
  {
    "code": "TCD",
    "name": "Chad"
  },
  {
    "code": "CHL",
    "name": "Chile"
  },
  {
    "code": "CHN",
    "name": "China"
  },
  {
    "code": "COL",
    "name": "Colombia"
  },
  {
    "code": "COM",
    "name": "Comoros"
  },
  {
    "code": "COG",
    "name": "Congo"
  },
  {
    "code": "COK",
    "name": "Cook Is."
  },
  {
    "code": "CRI",
    "name": "Costa Rica"
  },
  {
    "code": "CIV",
    "name": "Côte d'Ivoire"
  },
  {
    "code": "HRV",
    "name": "Croatia"
  },
  {
    "code": "CUB",
    "name": "Cuba"
  },
  {
    "code": "CUW",
    "name": "Curaçao"
  },
  {
    "code": "CYP",
    "name": "Cyprus"
  },
  {
    "code": "CZE",
    "name": "Czechia"
  },
  {
    "code": "COD",
    "name": "Dem. Rep. Congo"
  },
  {
    "code": "DNK",
    "name": "Denmark"
  },
  {
    "code": "DJI",
    "name": "Djibouti"
  },
  {
    "code": "DMA",
    "name": "Dominica"
  },
  {
    "code": "DOM",
    "name": "Dominican Rep."
  },
  {
    "code": "ECU",
    "name": "Ecuador"
  },
  {
    "code": "EGY",
    "name": "Egypt"
  },
  {
    "code": "SLV",
    "name": "El Salvador"
  },
  {
    "code": "GNQ",
    "name": "Eq. Guinea"
  },
  {
    "code": "ERI",
    "name": "Eritrea"
  },
  {
    "code": "EST",
    "name": "Estonia"
  },
  {
    "code": "SWZ",
    "name": "eSwatini"
  },
  {
    "code": "ETH",
    "name": "Ethiopia"
  },
  {
    "code": "FRO",
    "name": "Faeroe Is."
  },
  {
    "code": "FLK",
    "name": "Falkland Is."
  },
  {
    "code": "FJI",
    "name": "Fiji"
  },
  {
    "code": "FIN",
    "name": "Finland"
  },
  {
    "code": "PYF",
    "name": "Fr. Polynesia"
  },
  {
    "code": "ATF",
    "name": "Fr. S. Antarctic Lands"
  },
  {
    "code": "FRA",
    "name": "France"
  },
  {
    "code": "GAB",
    "name": "Gabon"
  },
  {
    "code": "GMB",
    "name": "Gambia"
  },
  {
    "code": "GEO",
    "name": "Georgia"
  },
  {
    "code": "DEU",
    "name": "Germany"
  },
  {
    "code": "GHA",
    "name": "Ghana"
  },
  {
    "code": "GRC",
    "name": "Greece"
  },
  {
    "code": "GRL",
    "name": "Greenland"
  },
  {
    "code": "GRD",
    "name": "Grenada"
  },
  {
    "code": "GUM",
    "name": "Guam"
  },
  {
    "code": "GTM",
    "name": "Guatemala"
  },
  {
    "code": "GGY",
    "name": "Guernsey"
  },
  {
    "code": "GIN",
    "name": "Guinea"
  },
  {
    "code": "GNB",
    "name": "Guinea-Bissau"
  },
  {
    "code": "GUY",
    "name": "Guyana"
  },
  {
    "code": "HTI",
    "name": "Haiti"
  },
  {
    "code": "HMD",
    "name": "Heard I. and McDonald Is."
  },
  {
    "code": "HND",
    "name": "Honduras"
  },
  {
    "code": "HKG",
    "name": "Hong Kong"
  },
  {
    "code": "HUN",
    "name": "Hungary"
  },
  {
    "code": "ISL",
    "name": "Iceland"
  },
  {
    "code": "IND",
    "name": "India"
  },
  {
    "code": "IOA",
    "name": "Indian Ocean Ter."
  },
  {
    "code": "IDN",
    "name": "Indonesia"
  },
  {
    "code": "IRN",
    "name": "Iran"
  },
  {
    "code": "IRQ",
    "name": "Iraq"
  },
  {
    "code": "IRL",
    "name": "Ireland"
  },
  {
    "code": "IMN",
    "name": "Isle of Man"
  },
  {
    "code": "ISR",
    "name": "Israel"
  },
  {
    "code": "ITA",
    "name": "Italy"
  },
  {
    "code": "JAM",
    "name": "Jamaica"
  },
  {
    "code": "JPN",
    "name": "Japan"
  },
  {
    "code": "JEY",
    "name": "Jersey"
  },
  {
    "code": "JOR",
    "name": "Jordan"
  },
  {
    "code": "KAZ",
    "name": "Kazakhstan"
  },
  {
    "code": "KEN",
    "name": "Kenya"
  },
  {
    "code": "KIR",
    "name": "Kiribati"
  },
  {
    "code": "KOS",
    "name": "Kosovo"
  },
  {
    "code": "KWT",
    "name": "Kuwait"
  },
  {
    "code": "KGZ",
    "name": "Kyrgyzstan"
  },
  {
    "code": "LAO",
    "name": "Laos"
  },
  {
    "code": "LVA",
    "name": "Latvia"
  },
  {
    "code": "LBN",
    "name": "Lebanon"
  },
  {
    "code": "LSO",
    "name": "Lesotho"
  },
  {
    "code": "LBR",
    "name": "Liberia"
  },
  {
    "code": "LBY",
    "name": "Libya"
  },
  {
    "code": "LIE",
    "name": "Liechtenstein"
  },
  {
    "code": "LTU",
    "name": "Lithuania"
  },
  {
    "code": "LUX",
    "name": "Luxembourg"
  },
  {
    "code": "MAC",
    "name": "Macao"
  },
  {
    "code": "MDG",
    "name": "Madagascar"
  },
  {
    "code": "MWI",
    "name": "Malawi"
  },
  {
    "code": "MYS",
    "name": "Malaysia"
  },
  {
    "code": "MDV",
    "name": "Maldives"
  },
  {
    "code": "MLI",
    "name": "Mali"
  },
  {
    "code": "MLT",
    "name": "Malta"
  },
  {
    "code": "MHL",
    "name": "Marshall Is."
  },
  {
    "code": "MRT",
    "name": "Mauritania"
  },
  {
    "code": "MUS",
    "name": "Mauritius"
  },
  {
    "code": "MEX",
    "name": "Mexico"
  },
  {
    "code": "FSM",
    "name": "Micronesia"
  },
  {
    "code": "MDA",
    "name": "Moldova"
  },
  {
    "code": "MCO",
    "name": "Monaco"
  },
  {
    "code": "MNG",
    "name": "Mongolia"
  },
  {
    "code": "MNE",
    "name": "Montenegro"
  },
  {
    "code": "MSR",
    "name": "Montserrat"
  },
  {
    "code": "MAR",
    "name": "Morocco"
  },
  {
    "code": "MOZ",
    "name": "Mozambique"
  },
  {
    "code": "MMR",
    "name": "Myanmar"
  },
  {
    "code": "CYN",
    "name": "N. Cyprus"
  },
  {
    "code": "MNP",
    "name": "N. Mariana Is."
  },
  {
    "code": "NAM",
    "name": "Namibia"
  },
  {
    "code": "NRU",
    "name": "Nauru"
  },
  {
    "code": "NPL",
    "name": "Nepal"
  },
  {
    "code": "NLD",
    "name": "Netherlands"
  },
  {
    "code": "NCL",
    "name": "New Caledonia"
  },
  {
    "code": "NZL",
    "name": "New Zealand"
  },
  {
    "code": "NIC",
    "name": "Nicaragua"
  },
  {
    "code": "NER",
    "name": "Niger"
  },
  {
    "code": "NGA",
    "name": "Nigeria"
  },
  {
    "code": "NIU",
    "name": "Niue"
  },
  {
    "code": "NFK",
    "name": "Norfolk Island"
  },
  {
    "code": "PRK",
    "name": "North Korea"
  },
  {
    "code": "MKD",
    "name": "North Macedonia"
  },
  {
    "code": "NOR",
    "name": "Norway"
  },
  {
    "code": "OMN",
    "name": "Oman"
  },
  {
    "code": "PAK",
    "name": "Pakistan"
  },
  {
    "code": "PLW",
    "name": "Palau"
  },
  {
    "code": "PSE",
    "name": "Palestine"
  },
  {
    "code": "PAN",
    "name": "Panama"
  },
  {
    "code": "PNG",
    "name": "Papua New Guinea"
  },
  {
    "code": "PRY",
    "name": "Paraguay"
  },
  {
    "code": "PER",
    "name": "Peru"
  },
  {
    "code": "PHL",
    "name": "Philippines"
  },
  {
    "code": "PCN",
    "name": "Pitcairn Is."
  },
  {
    "code": "POL",
    "name": "Poland"
  },
  {
    "code": "PRT",
    "name": "Portugal"
  },
  {
    "code": "PRI",
    "name": "Puerto Rico"
  },
  {
    "code": "QAT",
    "name": "Qatar"
  },
  {
    "code": "ROU",
    "name": "Romania"
  },
  {
    "code": "RUS",
    "name": "Russia"
  },
  {
    "code": "RWA",
    "name": "Rwanda"
  },
  {
    "code": "SGS",
    "name": "S. Geo. and the Is."
  },
  {
    "code": "SSD",
    "name": "S. Sudan"
  },
  {
    "code": "SHN",
    "name": "Saint Helena"
  },
  {
    "code": "LCA",
    "name": "Saint Lucia"
  },
  {
    "code": "WSM",
    "name": "Samoa"
  },
  {
    "code": "SMR",
    "name": "San Marino"
  },
  {
    "code": "STP",
    "name": "São Tomé and Principe"
  },
  {
    "code": "SAU",
    "name": "Saudi Arabia"
  },
  {
    "code": "SEN",
    "name": "Senegal"
  },
  {
    "code": "SRB",
    "name": "Serbia"
  },
  {
    "code": "SYC",
    "name": "Seychelles"
  },
  {
    "code": "KAS",
    "name": "Siachen Glacier"
  },
  {
    "code": "SLE",
    "name": "Sierra Leone"
  },
  {
    "code": "SGP",
    "name": "Singapore"
  },
  {
    "code": "SXM",
    "name": "Sint Maarten"
  },
  {
    "code": "SVK",
    "name": "Slovakia"
  },
  {
    "code": "SVN",
    "name": "Slovenia"
  },
  {
    "code": "SLB",
    "name": "Solomon Is."
  },
  {
    "code": "SOM",
    "name": "Somalia"
  },
  {
    "code": "SOL",
    "name": "Somaliland"
  },
  {
    "code": "ZAF",
    "name": "South Africa"
  },
  {
    "code": "KOR",
    "name": "South Korea"
  },
  {
    "code": "ESP",
    "name": "Spain"
  },
  {
    "code": "LKA",
    "name": "Sri Lanka"
  },
  {
    "code": "BLM",
    "name": "St-Barthélemy"
  },
  {
    "code": "MAF",
    "name": "St-Martin"
  },
  {
    "code": "KNA",
    "name": "St. Kitts and Nevis"
  },
  {
    "code": "SPM",
    "name": "St. Pierre and Miquelon"
  },
  {
    "code": "VCT",
    "name": "St. Vin. and Gren."
  },
  {
    "code": "SDN",
    "name": "Sudan"
  },
  {
    "code": "SUR",
    "name": "Suriname"
  },
  {
    "code": "SWE",
    "name": "Sweden"
  },
  {
    "code": "CHE",
    "name": "Switzerland"
  },
  {
    "code": "SYR",
    "name": "Syria"
  },
  {
    "code": "TWN",
    "name": "Taiwan"
  },
  {
    "code": "TJK",
    "name": "Tajikistan"
  },
  {
    "code": "TZA",
    "name": "Tanzania"
  },
  {
    "code": "THA",
    "name": "Thailand"
  },
  {
    "code": "TLS",
    "name": "Timor-Leste"
  },
  {
    "code": "TGO",
    "name": "Togo"
  },
  {
    "code": "TON",
    "name": "Tonga"
  },
  {
    "code": "TTO",
    "name": "Trinidad and Tobago"
  },
  {
    "code": "TUN",
    "name": "Tunisia"
  },
  {
    "code": "TUR",
    "name": "Turkey"
  },
  {
    "code": "TKM",
    "name": "Turkmenistan"
  },
  {
    "code": "TCA",
    "name": "Turks and Caicos Is."
  },
  {
    "code": "TUV",
    "name": "Tuvalu"
  },
  {
    "code": "VIR",
    "name": "U.S. Virgin Is."
  },
  {
    "code": "UGA",
    "name": "Uganda"
  },
  {
    "code": "UKR",
    "name": "Ukraine"
  },
  {
    "code": "ARE",
    "name": "United Arab Emirates"
  },
  {
    "code": "GBR",
    "name": "United Kingdom"
  },
  {
    "code": "USA",
    "name": "United States of America"
  },
  {
    "code": "URY",
    "name": "Uruguay"
  },
  {
    "code": "UZB",
    "name": "Uzbekistan"
  },
  {
    "code": "VUT",
    "name": "Vanuatu"
  },
  {
    "code": "VAT",
    "name": "Vatican"
  },
  {
    "code": "VEN",
    "name": "Venezuela"
  },
  {
    "code": "VNM",
    "name": "Vietnam"
  },
  {
    "code": "ESH",
    "name": "W. Sahara"
  },
  {
    "code": "WLF",
    "name": "Wallis and Futuna Is."
  },
  {
    "code": "YEM",
    "name": "Yemen"
  },
  {
    "code": "ZMB",
    "name": "Zambia"
  },
  {
    "code": "ZWE",
    "name": "Zimbabwe"
  }
]